<?xml version="1.0" encoding="UTF-8"?>
<project-private xmlns="http://www.netbeans.org/ns/project-private/1">
    <editor-bookmarks xmlns="http://www.netbeans.org/ns/editor-bookmarks/2" lastBookmarkId="0"/>
    <open-files xmlns="http://www.netbeans.org/ns/projectui-open-files/2">
        <group>
            <file>file:/E:/UwAmp/www/gadi/admin/produto/cadastrar.php</file>
            <file>file:/E:/UwAmp/www/gadi/class/Categoria.php</file>
            <file>file:/E:/UwAmp/www/gadi/admin/produto/excluir.php</file>
            <file>file:/E:/UwAmp/www/gadi/admin/admin.php</file>
            <file>file:/E:/UwAmp/www/gadi/admin/produto/editar.php</file>
            <file>file:/E:/UwAmp/www/gadi/class/Imagem.php</file>
            <file>file:/E:/UwAmp/www/gadi/admin/produto/consultar.php</file>
            <file>file:/E:/UwAmp/www/gadi/class/Produto.php</file>
        </group>
    </open-files>
</project-private>
