<?xml version="1.0" encoding="UTF-8"?>
<project-private xmlns="http://www.netbeans.org/ns/project-private/1">
    <editor-bookmarks xmlns="http://www.netbeans.org/ns/editor-bookmarks/2" lastBookmarkId="0"/>
    <open-files xmlns="http://www.netbeans.org/ns/projectui-open-files/2">
        <group>
            <file>file:/I:/UwAmp/www/FIEC/11NOVEMBRO_2TI/12-11_PHP/index.php</file>
            <file>file:/I:/UwAmp/www/FIEC/11NOVEMBRO_2TI/12-11_PHP/barranav.php</file>
            <file>file:/I:/UwAmp/www/FIEC/11NOVEMBRO_2TI/12-11_PHP/pagina-principal.php</file>
            <file>file:/I:/UwAmp/www/FIEC/11NOVEMBRO_2TI/12-11_PHP/localizacao.php</file>
            <file>file:/I:/UwAmp/www/FIEC/11NOVEMBRO_2TI/12-11_PHP/fale-conosco.php</file>
        </group>
    </open-files>
</project-private>
